"","experiment","fault_model","dist","postprocess","dest","faults","router","num_samples","resource","resource_stdev","resource_min","resource_max","entries","entries_stdev","entries_min","entries_max","useX","useX_stdev","useX_min","useX_max","useY","useY_stdev","useY_min","useY_max","useD","useD_stdev","useD_min","useD_max","disconne","disconne_stdev","disconne_min","disconne_max","exectime","exectime_stdev","exectime_min","exectime_max","post_exectime","post_exectime_stdev","post_exectime_min","post_exectime_max","exectime_ci","post_exectime_ci","disconne_ci","resource_ci","entries_ci"
"1","baseline","spinn_link","cent3","DIJKSTRA",16,-1966,"dor",10000,0,0,0,0,0,0,0,0,0,0,0,0,0,0,0,0,0,0,0,0,0,0,0,0,0,0,0,0,0,0,0,0,0,0,0,0,0
"2","baseline","spinn_link","cent3","DIJKSTRA",16,-1966,"lf",10000,0,0,0,0,0,0,0,0,0,0,0,0,0,0,0,0,0,0,0,0,0,0,0,0,0,0,0,0,0,0,0,0,0,0,0,0,0
"3","baseline","spinn_link","cent3","DIJKSTRA",16,-1966,"opt",10000,0,0,0,0,0,0,0,0,0,0,0,0,0,0,0,0,0,0,0,0,0,0,0,0,0,0,0,0,0,0,0,0,0,0,0,0,0
"4","baseline","spinn_link","cent3","DIJKSTRA",16,-1966,"smart",10000,142.9199,630.163453104827,0,337,21.0587,15.2331230806424,0,29,46.5554,381.946279453014,0,227,47.0754,377.694185887207,0,223,47.3685,379.880254886984,0,225,0,0,0,0,23.2865,113.488995498903,0,270,0.0304,1.70840216995297,0,1,1.8667278586545,0.028100715055389,0,10.3652664141174,0.250562577489928
"5","baseline","spinn_link","cent3","DIJKSTRA",16,-1966,"graph_search",10000,0,0,0,0,0,0,0,0,0,0,0,0,0,0,0,0,0,0,0,0,0,0,0,0,0,0,0,0,0,0,0,0,0,0,0,0,0
"6","baseline","spinn_link","cent3","DIJKSTRA",16,0,"dor",10000,0,0,0,0,0,0,0,0,0,0,0,0,0,0,0,0,0,0,0,0,0,0,0,0,0,0,0,0,0,0,0,0,0,0,0,0,0
"7","baseline","spinn_link","cent3","DIJKSTRA",16,0,"lf",10000,0,0,0,0,0,0,0,0,0,0,0,0,0,0,0,0,0,0,0,0,0,0,0,0,0,0,0,0,0,0,0,0,0,0,0,0,0
"8","baseline","spinn_link","cent3","DIJKSTRA",16,0,"opt",10000,0,0,0,0,0,0,0,0,0,0,0,0,0,0,0,0,0,0,0,0,0,0,0,0,0,0,0,0,0,0,0,0,0,0,0,0,0
"9","baseline","spinn_link","cent3","DIJKSTRA",16,0,"smart",10000,142.9199,630.163453104827,0,337,21.0587,15.2331230806424,0,29,46.5554,381.946279453014,0,227,47.0754,377.694185887207,0,223,47.3685,379.880254886984,0,225,0,0,0,0,20.4972,87.9995209836395,0,104,0.0243,1.53739565284932,0,1,1.44746331259931,0.0252879081564864,0,10.3652664141174,0.250562577489928
"10","baseline","spinn_link","cent3","DIJKSTRA",16,0,"graph_search",10000,0,0,0,0,0,0,0,0,0,0,0,0,0,0,0,0,0,0,0,0,0,0,0,0,0,0,0,0,0,0,0,0,0,0,0,0,0
"11","baseline","spinn_link","cent3","DIJKSTRA",16,19,"dor",10000,0,0,0,0,0,0,0,0,0,0,0,0,0,0,0,0,0,0,0,0,0,0,0,0,0,0,0,0,0,0,0,0,0,0,0,0,0
"12","baseline","spinn_link","cent3","DIJKSTRA",16,19,"lf",10000,0,0,0,0,0,0,0,0,0,0,0,0,0,0,0,0,0,0,0,0,0,0,0,0,0,0,0,0,0,0,0,0,0,0,0,0,0
"13","baseline","spinn_link","cent3","DIJKSTRA",16,19,"opt",10000,0,0,0,0,0,0,0,0,0,0,0,0,0,0,0,0,0,0,0,0,0,0,0,0,0,0,0,0,0,0,0,0,0,0,0,0,0
"14","baseline","spinn_link","cent3","DIJKSTRA",16,19,"smart",10000,143.3874,629.819985347401,0,345,21.0965,15.5541203126374,0,29,47.4305,378.233786366316,0,223,47.2854,374.411308918414,0,212,46.8878,383.683321139973,0,234,0,0,0,0,20.6747,88.6030677555806,0,88,0.4553,50.0331296404452,0,77,1.45739077356794,0.822971747568195,0,10.3596168722519,0.255842512102812
"15","baseline","spinn_link","cent3","DIJKSTRA",16,19,"graph_search",10000,0,0,0,0,0,0,0,0,0,0,0,0,0,0,0,0,0,0,0,0,0,0,0,0,0,0,0,0,0,0,0,0,0,0,0,0,0
"16","baseline","spinn_link","cent3","DIJKSTRA",16,39,"dor",10000,0,0,0,0,0,0,0,0,0,0,0,0,0,0,0,0,0,0,0,0,0,0,0,0,0,0,0,0,0,0,0,0,0,0,0,0,0
"17","baseline","spinn_link","cent3","DIJKSTRA",16,39,"lf",10000,0,0,0,0,0,0,0,0,0,0,0,0,0,0,0,0,0,0,0,0,0,0,0,0,0,0,0,0,0,0,0,0,0,0,0,0,0
"18","baseline","spinn_link","cent3","DIJKSTRA",16,39,"opt",10000,0,0,0,0,0,0,0,0,0,0,0,0,0,0,0,0,0,0,0,0,0,0,0,0,0,0,0,0,0,0,0,0,0,0,0,0,0
"19","baseline","spinn_link","cent3","DIJKSTRA",16,39,"smart",10000,144.7774,631.845304824686,0,342,21.1687,16.1392828564345,0,30,48.3528,378.306206277402,0,219,47.7944,380.385239860855,0,225,47.0794,380.932860050167,0,230,0,0,0,0,20.8679,90.9038422497091,0,228,0.4842,40.3216205860578,0,96,1.49523514628258,0.663231638655383,0,10.3929304131314,0.26546757942802
"20","baseline","spinn_link","cent3","DIJKSTRA",16,39,"graph_search",10000,0,0,0,0,0,0,0,0,0,0,0,0,0,0,0,0,0,0,0,0,0,0,0,0,0,0,0,0,0,0,0,0,0,0,0,0,0
"21","baseline","spinn_link","cent3","DIJKSTRA",16,78,"dor",10000,0,0,0,0,0,0,0,0,0,0,0,0,0,0,0,0,0,0,0,0,0,0,0,0,0,0,0,0,0,0,0,0,0,0,0,0,0
"22","baseline","spinn_link","cent3","DIJKSTRA",16,78,"lf",10000,0,0,0,0,0,0,0,0,0,0,0,0,0,0,0,0,0,0,0,0,0,0,0,0,0,0,0,0,0,0,0,0,0,0,0,0,0
"23","baseline","spinn_link","cent3","DIJKSTRA",16,78,"opt",10000,0,0,0,0,0,0,0,0,0,0,0,0,0,0,0,0,0,0,0,0,0,0,0,0,0,0,0,0,0,0,0,0,0,0,0,0,0
"24","baseline","spinn_link","cent3","DIJKSTRA",16,78,"smart",10000,143.4412,626.071322267679,0,338,21.2157,17.1290733447551,0,33,47.3026,375.235581074077,0,217,47.9069,379.830061186579,0,230,47.0496,379.007474870879,0,216,0,0,0,0,20.5838,87.3185005559532,0,88,0.6894,30.5586129464346,0,63,1.43626152339424,0.502644453395491,0,10.297956851623,0.281748184174382
"25","baseline","spinn_link","cent3","DIJKSTRA",16,78,"graph_search",10000,0,0,0,0,0,0,0,0,0,0,0,0,0,0,0,0,0,0,0,0,0,0,0,0,0,0,0,0,0,0,0,0,0,0,0,0,0
"26","baseline","spinn_link","cent3","DIJKSTRA",16,157,"dor",10000,0,0,0,0,0,0,0,0,0,0,0,0,0,0,0,0,0,0,0,0,0,0,0,0,0,0,0,0,0,0,0,0,0,0,0,0,0
"27","baseline","spinn_link","cent3","DIJKSTRA",16,157,"lf",10000,0,0,0,0,0,0,0,0,0,0,0,0,0,0,0,0,0,0,0,0,0,0,0,0,0,0,0,0,0,0,0,0,0,0,0,0,0
"28","baseline","spinn_link","cent3","DIJKSTRA",16,157,"opt",10000,0,0,0,0,0,0,0,0,0,0,0,0,0,0,0,0,0,0,0,0,0,0,0,0,0,0,0,0,0,0,0,0,0,0,0,0,0
"29","baseline","spinn_link","cent3","DIJKSTRA",16,157,"smart",10000,144.9215,627.683872760006,0,346,21.4129,19.2654482945505,0,34,48.0951,377.052586449158,0,230,48.847,385.810178981841,0,210,47.5134,377.289375168451,0,209,0,0,0,0,20.7253,87.5909502103385,0,89,1.2577,37.4403592138217,0,37,1.44074292141601,0.615839106472205,0,10.3244809468824,0.316888425021375
"30","baseline","spinn_link","cent3","DIJKSTRA",16,157,"graph_search",10000,0,0,0,0,0,0,0,0,0,0,0,0,0,0,0,0,0,0,0,0,0,0,0,0,0,0,0,0,0,0,0,0,0,0,0,0,0
"31","baseline","spinn_link","cent3","DIJKSTRA",16,314,"dor",10000,0,0,0,0,0,0,0,0,0,0,0,0,0,0,0,0,0,0,0,0,0,0,0,0,0,0,0,0,0,0,0,0,0,0,0,0,0
"32","baseline","spinn_link","cent3","DIJKSTRA",16,314,"lf",10000,0,0,0,0,0,0,0,0,0,0,0,0,0,0,0,0,0,0,0,0,0,0,0,0,0,0,0,0,0,0,0,0,0,0,0,0,0
"33","baseline","spinn_link","cent3","DIJKSTRA",16,314,"opt",10000,0,0,0,0,0,0,0,0,0,0,0,0,0,0,0,0,0,0,0,0,0,0,0,0,0,0,0,0,0,0,0,0,0,0,0,0,0
"34","baseline","spinn_link","cent3","DIJKSTRA",16,314,"smart",10000,143.2425,630.271496142734,0,344,21.678,22.7613757060069,0,36,47.4297,378.755078677501,0,211,49.0784,384.848691719226,0,219,47.4894,380.067252677733,0,218,0,0,0,0,20.5496,88.2373804068321,0,100,2.3334,49.7506328999944,0,42,1.45137575194875,0.818325089686869,0,10.3670435639451,0.374391313844305
"35","baseline","spinn_link","cent3","DIJKSTRA",16,314,"graph_search",10000,0,0,0,0,0,0,0,0,0,0,0,0,0,0,0,0,0,0,0,0,0,0,0,0,0,0,0,0,0,0,0,0,0,0,0,0,0
"36","baseline","spinn_link","cent3","DIJKSTRA",16,609,"dor",10000,0,0,0,0,0,0,0,0,0,0,0,0,0,0,0,0,0,0,0,0,0,0,0,0,0,0,0,0,0,0,0,0,0,0,0,0,0
"37","baseline","spinn_link","cent3","DIJKSTRA",16,609,"lf",10000,0,0,0,0,0,0,0,0,0,0,0,0,0,0,0,0,0,0,0,0,0,0,0,0,0,0,0,0,0,0,0,0,0,0,0,0,0
"38","baseline","spinn_link","cent3","DIJKSTRA",16,609,"opt",10000,0,0,0,0,0,0,0,0,0,0,0,0,0,0,0,0,0,0,0,0,0,0,0,0,0,0,0,0,0,0,0,0,0,0,0,0,0
"39","baseline","spinn_link","cent3","DIJKSTRA",16,609,"smart",10000,144.5674,634.783476641445,0,336,22.3158,28.0091882463594,0,40,49.6049,382.030907777106,0,217,48.971,381.242188019637,0,212,48.8458,385.645256455982,0,225,0,0,0,0,20.859,88.9809871742273,0,97,4.1104,64.7829465703745,0,163,1.4636069948325,1.06558464630884,0,10.4412590388255,0.460710148749909
"40","baseline","spinn_link","cent3","DIJKSTRA",16,609,"graph_search",10000,0,0,0,0,0,0,0,0,0,0,0,0,0,0,0,0,0,0,0,0,0,0,0,0,0,0,0,0,0,0,0,0,0,0,0,0,0
"41","baseline","spinn_link","cent3","DIJKSTRA",16,1218,"dor",10000,0,0,0,0,0,0,0,0,0,0,0,0,0,0,0,0,0,0,0,0,0,0,0,0,0,0,0,0,0,0,0,0,0,0,0,0,0
"42","baseline","spinn_link","cent3","DIJKSTRA",16,1218,"lf",10000,0,0,0,0,0,0,0,0,0,0,0,0,0,0,0,0,0,0,0,0,0,0,0,0,0,0,0,0,0,0,0,0,0,0,0,0,0
"43","baseline","spinn_link","cent3","DIJKSTRA",16,1218,"opt",10000,0,0,0,0,0,0,0,0,0,0,0,0,0,0,0,0,0,0,0,0,0,0,0,0,0,0,0,0,0,0,0,0,0,0,0,0,0
"44","baseline","spinn_link","cent3","DIJKSTRA",16,1218,"smart",10000,145.7685,636.33613879537,0,354,23.6753,38.9824796844685,0,48,50.7127,377.064122375757,0,217,51.6888,392.151493870672,0,259,49.7984,384.751254290353,0,221,0,0,0,0,21.1602,90.2547120655758,0,104,7.3192,78.9172405246788,0,69,1.48455790490523,1.2980730930602,0,10.4667980585786,0.641204730965601
"45","baseline","spinn_link","cent3","DIJKSTRA",16,1218,"graph_search",10000,0,0,0,0,0,0,0,0,0,0,0,0,0,0,0,0,0,0,0,0,0,0,0,0,0,0,0,0,0,0,0,0,0,0,0,0,0
"46","baseline","spinn_link","cent3","DIJKSTRA",16,2457,"dor",10000,0,0,0,0,0,0,0,0,0,0,0,0,0,0,0,0,0,0,0,0,0,0,0,0,0,0,0,0,0,0,0,0,0,0,0,0,0
"47","baseline","spinn_link","cent3","DIJKSTRA",16,2457,"lf",10000,0,0,0,0,0,0,0,0,0,0,0,0,0,0,0,0,0,0,0,0,0,0,0,0,0,0,0,0,0,0,0,0,0,0,0,0,0
"48","baseline","spinn_link","cent3","DIJKSTRA",16,2457,"opt",10000,0,0,0,0,0,0,0,0,0,0,0,0,0,0,0,0,0,0,0,0,0,0,0,0,0,0,0,0,0,0,0,0,0,0,0,0,0
"49","baseline","spinn_link","cent3","DIJKSTRA",16,2457,"smart",10000,148.5697,648.779343078986,0,370,26.5111,57.7452193687062,0,60,53.851,385.976314411908,0,251,54.344,393.233086315229,0,222,51.8897,384.892982921227,0,224,0,0,0,0,21.744,93.8644759411142,0,101,12.6608,104.490751357572,0,98,1.54393323693641,1.71871991353387,0,10.6714705555466,0.949824335177247
"50","baseline","spinn_link","cent3","DIJKSTRA",16,2457,"graph_search",10000,0,0,0,0,0,0,0,0,0,0,0,0,0,0,0,0,0,0,0,0,0,0,0,0,0,0,0,0,0,0,0,0,0,0,0,0,0
"51","baseline","spinn_link","cent3","DIJKSTRA",16,4915,"dor",10000,0,0,0,0,0,0,0,0,0,0,0,0,0,0,0,0,0,0,0,0,0,0,0,0,0,0,0,0,0,0,0,0,0,0,0,0,0
"52","baseline","spinn_link","cent3","DIJKSTRA",16,4915,"lf",10000,0,0,0,0,0,0,0,0,0,0,0,0,0,0,0,0,0,0,0,0,0,0,0,0,0,0,0,0,0,0,0,0,0,0,0,0,0
"53","baseline","spinn_link","cent3","DIJKSTRA",16,4915,"opt",10000,0,0,0,0,0,0,0,0,0,0,0,0,0,0,0,0,0,0,0,0,0,0,0,0,0,0,0,0,0,0,0,0,0,0,0,0,0
"54","baseline","spinn_link","cent3","DIJKSTRA",16,4915,"smart",10000,155.1566,686.814080153428,0,374,32.2421,88.6405383400281,0,74,58.9136,392.734601281833,0,242,58.702,402.288428466442,0,266,56.4755,396.095513582267,0,238,0,0,0,0,22.9736,100.657306836066,0,148,24.332,179.535175675966,0,174,1.65566536228471,2.95309084875982,0,11.2970863078171,1.45800710983526
"55","baseline","spinn_link","cent3","DIJKSTRA",16,4915,"graph_search",10000,0,0,0,0,0,0,0,0,0,0,0,0,0,0,0,0,0,0,0,0,0,0,0,0,0,0,0,0,0,0,0,0,0,0,0,0,0
"56","baseline","spinn_link","cent3","DIJKSTRA",16,9830,"dor",10000,0,0,0,0,0,0,0,0,0,0,0,0,0,0,0,0,0,0,0,0,0,0,0,0,0,0,0,0,0,0,0,0,0,0,0,0,0
"57","baseline","spinn_link","cent3","DIJKSTRA",16,9830,"lf",10000,0,0,0,0,0,0,0,0,0,0,0,0,0,0,0,0,0,0,0,0,0,0,0,0,0,0,0,0,0,0,0,0,0,0,0,0,0
"58","baseline","spinn_link","cent3","DIJKSTRA",16,9830,"opt",10000,0,0,0,0,0,0,0,0,0,0,0,0,0,0,0,0,0,0,0,0,0,0,0,0,0,0,0,0,0,0,0,0,0,0,0,0,0
"59","baseline","spinn_link","cent3","DIJKSTRA",16,9830,"smart",10000,183.1966,855.503420280714,0,499,45.6519,156.901621116546,0,117,74.9704,445.915467330973,0,263,70.7966,445.311282978547,0,256,70.4878,444.19139957005,0,285,0,0,0,0,26.3387,115.686066886639,0,97,74.0415,559.472092159207,0,517,1.90286646706239,9.20249699966199,0,14.0717790371812,2.58080200568116
"60","baseline","spinn_link","cent3","DIJKSTRA",16,9830,"graph_search",10000,0,0,0,0,0,0,0,0,0,0,0,0,0,0,0,0,0,0,0,0,0,0,0,0,0,0,0,0,0,0,0,0,0,0,0,0,0
"61","baseline","spinn_link","uniform","DIJKSTRA",16,-1966,"dor",10000,0,0,0,0,0,0,0,0,0,0,0,0,0,0,0,0,0,0,0,0,0,0,0,0,0,0,0,0,0,0,0,0,0,0,0,0,0
"62","baseline","spinn_link","uniform","DIJKSTRA",16,-1966,"lf",10000,0,0,0,0,0,0,0,0,0,0,0,0,0,0,0,0,0,0,0,0,0,0,0,0,0,0,0,0,0,0,0,0,0,0,0,0,0
"63","baseline","spinn_link","uniform","DIJKSTRA",16,-1966,"opt",10000,0,0,0,0,0,0,0,0,0,0,0,0,0,0,0,0,0,0,0,0,0,0,0,0,0,0,0,0,0,0,0,0,0,0,0,0,0
"64","baseline","spinn_link","uniform","DIJKSTRA",16,-1966,"smart",10000,639.8852,885.33893836598,0,959,33.0858,14.0987572016118,0,38,213.7238,539.98982968293,0,422,214.306,546.560461360864,0,444,214.1364,539.130095610512,0,466,0,0,0,0,124.6468,383.512714107368,0,3072,0.0298,1.70040201934719,0,1,6.30822278781507,0.0279691242879883,0,14.5625296385265,0.231903919185793
"65","baseline","spinn_link","uniform","DIJKSTRA",16,-1966,"graph_search",10000,0,0,0,0,0,0,0,0,0,0,0,0,0,0,0,0,0,0,0,0,0,0,0,0,0,0,0,0,0,0,0,0,0,0,0,0,0
"66","baseline","spinn_link","uniform","DIJKSTRA",16,0,"dor",10000,0,0,0,0,0,0,0,0,0,0,0,0,0,0,0,0,0,0,0,0,0,0,0,0,0,0,0,0,0,0,0,0,0,0,0,0,0
"67","baseline","spinn_link","uniform","DIJKSTRA",16,0,"lf",10000,0,0,0,0,0,0,0,0,0,0,0,0,0,0,0,0,0,0,0,0,0,0,0,0,0,0,0,0,0,0,0,0,0,0,0,0,0
"68","baseline","spinn_link","uniform","DIJKSTRA",16,0,"opt",10000,0,0,0,0,0,0,0,0,0,0,0,0,0,0,0,0,0,0,0,0,0,0,0,0,0,0,0,0,0,0,0,0,0,0,0,0,0
"69","baseline","spinn_link","uniform","DIJKSTRA",16,0,"smart",10000,639.8852,885.33893836598,0,959,33.0858,14.0987572016118,0,38,213.7238,539.98982968293,0,422,214.306,546.560461360864,0,444,214.1364,539.130095610512,0,466,0,0,0,0,116.9248,145.648338377065,0,296,0.0245,1.54689901603175,0,1,2.3957019763897,0.0254442245704749,0,14.5625296385265,0.231903919185793
"70","baseline","spinn_link","uniform","DIJKSTRA",16,0,"graph_search",10000,0,0,0,0,0,0,0,0,0,0,0,0,0,0,0,0,0,0,0,0,0,0,0,0,0,0,0,0,0,0,0,0,0,0,0,0,0
"71","baseline","spinn_link","uniform","DIJKSTRA",16,19,"dor",10000,0,0,0,0,0,0,0,0,0,0,0,0,0,0,0,0,0,0,0,0,0,0,0,0,0,0,0,0,0,0,0,0,0,0,0,0,0
"72","baseline","spinn_link","uniform","DIJKSTRA",16,19,"lf",10000,0,0,0,0,0,0,0,0,0,0,0,0,0,0,0,0,0,0,0,0,0,0,0,0,0,0,0,0,0,0,0,0,0,0,0,0,0
"73","baseline","spinn_link","uniform","DIJKSTRA",16,19,"opt",10000,0,0,0,0,0,0,0,0,0,0,0,0,0,0,0,0,0,0,0,0,0,0,0,0,0,0,0,0,0,0,0,0,0,0,0,0,0
"74","baseline","spinn_link","uniform","DIJKSTRA",16,19,"smart",10000,638.8812,894.823341154554,0,939,33.2685,15.857094280479,0,42,214.0193,540.621268762153,0,432,214.356,545.449949249241,0,426,213.7505,542.168822145833,0,416,0,0,0,0,116.912,167.208522234963,0,696,1.9801,94.9310589888789,0,91,2.75033544255374,1.56147696688201,0,14.718534181789,0.260825990401573
"75","baseline","spinn_link","uniform","DIJKSTRA",16,19,"graph_search",10000,0,0,0,0,0,0,0,0,0,0,0,0,0,0,0,0,0,0,0,0,0,0,0,0,0,0,0,0,0,0,0,0,0,0,0,0,0
"76","baseline","spinn_link","uniform","DIJKSTRA",16,39,"dor",10000,0,0,0,0,0,0,0,0,0,0,0,0,0,0,0,0,0,0,0,0,0,0,0,0,0,0,0,0,0,0,0,0,0,0,0,0,0
"77","baseline","spinn_link","uniform","DIJKSTRA",16,39,"lf",10000,0,0,0,0,0,0,0,0,0,0,0,0,0,0,0,0,0,0,0,0,0,0,0,0,0,0,0,0,0,0,0,0,0,0,0,0,0
"78","baseline","spinn_link","uniform","DIJKSTRA",16,39,"opt",10000,0,0,0,0,0,0,0,0,0,0,0,0,0,0,0,0,0,0,0,0,0,0,0,0,0,0,0,0,0,0,0,0,0,0,0,0,0
"79","baseline","spinn_link","uniform","DIJKSTRA",16,39,"smart",10000,639.1532,894.433809329679,0,932,33.4516,18.0024519688291,0,45,214.0766,538.892997417855,0,461,215.0301,542.88274343637,0,433,214.2587,539.99139730092,0,434,0,0,0,0,117.4668,154.596945506695,0,608,2.9287,84.8915256486771,0,66,2.54289346532306,1.3963413386067,0,14.7121269534394,0.296113984149483
"80","baseline","spinn_link","uniform","DIJKSTRA",16,39,"graph_search",10000,0,0,0,0,0,0,0,0,0,0,0,0,0,0,0,0,0,0,0,0,0,0,0,0,0,0,0,0,0,0,0,0,0,0,0,0,0
"81","baseline","spinn_link","uniform","DIJKSTRA",16,78,"dor",10000,0,0,0,0,0,0,0,0,0,0,0,0,0,0,0,0,0,0,0,0,0,0,0,0,0,0,0,0,0,0,0,0,0,0,0,0,0
"82","baseline","spinn_link","uniform","DIJKSTRA",16,78,"lf",10000,0,0,0,0,0,0,0,0,0,0,0,0,0,0,0,0,0,0,0,0,0,0,0,0,0,0,0,0,0,0,0,0,0,0,0,0,0
"83","baseline","spinn_link","uniform","DIJKSTRA",16,78,"opt",10000,0,0,0,0,0,0,0,0,0,0,0,0,0,0,0,0,0,0,0,0,0,0,0,0,0,0,0,0,0,0,0,0,0,0,0,0,0
"84","baseline","spinn_link","uniform","DIJKSTRA",16,78,"smart",10000,640.5882,884.783696226937,0,955,33.829,21.2288966524405,0,48,215.806,545.638712153014,0,440,215.9681,546.67152865409,0,455,214.8008,535.752743910846,0,481,0,0,0,0,117.7349,147.493689465007,0,249,5.7093,112.521997139493,0,65,2.42605530068971,1.85082215106718,0,14.5533967180641,0.349184276549447
"85","baseline","spinn_link","uniform","DIJKSTRA",16,78,"graph_search",10000,0,0,0,0,0,0,0,0,0,0,0,0,0,0,0,0,0,0,0,0,0,0,0,0,0,0,0,0,0,0,0,0,0,0,0,0,0
"86","baseline","spinn_link","uniform","DIJKSTRA",16,157,"dor",10000,0,0,0,0,0,0,0,0,0,0,0,0,0,0,0,0,0,0,0,0,0,0,0,0,0,0,0,0,0,0,0,0,0,0,0,0,0
"87","baseline","spinn_link","uniform","DIJKSTRA",16,157,"lf",10000,0,0,0,0,0,0,0,0,0,0,0,0,0,0,0,0,0,0,0,0,0,0,0,0,0,0,0,0,0,0,0,0,0,0,0,0,0
"88","baseline","spinn_link","uniform","DIJKSTRA",16,157,"opt",10000,0,0,0,0,0,0,0,0,0,0,0,0,0,0,0,0,0,0,0,0,0,0,0,0,0,0,0,0,0,0,0,0,0,0,0,0,0
"89","baseline","spinn_link","uniform","DIJKSTRA",16,157,"smart",10000,639.6004,882.564568385792,0,922,34.6164,26.9199080542635,0,51,216.9611,543.912868150773,0,434,216.7588,546.308412059525,0,429,215.1824,544.372400710212,0,420,0,0,0,0,117.2766,145.251411593829,0,251,10.5248,134.990394602727,0,55,2.38917311179931,2.22039440165906,0,14.5168953132823,0.442793084002554
"90","baseline","spinn_link","uniform","DIJKSTRA",16,157,"graph_search",10000,0,0,0,0,0,0,0,0,0,0,0,0,0,0,0,0,0,0,0,0,0,0,0,0,0,0,0,0,0,0,0,0,0,0,0,0,0
"91","baseline","spinn_link","uniform","DIJKSTRA",16,314,"dor",10000,0,0,0,0,0,0,0,0,0,0,0,0,0,0,0,0,0,0,0,0,0,0,0,0,0,0,0,0,0,0,0,0,0,0,0,0,0
"92","baseline","spinn_link","uniform","DIJKSTRA",16,314,"lf",10000,0,0,0,0,0,0,0,0,0,0,0,0,0,0,0,0,0,0,0,0,0,0,0,0,0,0,0,0,0,0,0,0,0,0,0,0,0
"93","baseline","spinn_link","uniform","DIJKSTRA",16,314,"opt",10000,0,0,0,0,0,0,0,0,0,0,0,0,0,0,0,0,0,0,0,0,0,0,0,0,0,0,0,0,0,0,0,0,0,0,0,0,0
"94","baseline","spinn_link","uniform","DIJKSTRA",16,314,"smart",10000,642.586,893.909426748035,0,1001,36.3041,36.4595696402193,0,55,219.2958,551.431367104738,0,449,220.2471,552.202716085316,0,474,217.4263,536.613273611453,0,454,0,0,0,0,118.0798,156.209240501322,0,421,17.6599,143.14672296284,0,77,2.56941335801935,2.35455406451644,0,14.7035016275262,0.599706553598044
"95","baseline","spinn_link","uniform","DIJKSTRA",16,314,"graph_search",10000,0,0,0,0,0,0,0,0,0,0,0,0,0,0,0,0,0,0,0,0,0,0,0,0,0,0,0,0,0,0,0,0,0,0,0,0,0
"96","baseline","spinn_link","uniform","DIJKSTRA",16,609,"dor",10000,0,0,0,0,0,0,0,0,0,0,0,0,0,0,0,0,0,0,0,0,0,0,0,0,0,0,0,0,0,0,0,0,0,0,0,0,0
"97","baseline","spinn_link","uniform","DIJKSTRA",16,609,"lf",10000,0,0,0,0,0,0,0,0,0,0,0,0,0,0,0,0,0,0,0,0,0,0,0,0,0,0,0,0,0,0,0,0,0,0,0,0,0
"98","baseline","spinn_link","uniform","DIJKSTRA",16,609,"opt",10000,0,0,0,0,0,0,0,0,0,0,0,0,0,0,0,0,0,0,0,0,0,0,0,0,0,0,0,0,0,0,0,0,0,0,0,0,0
"99","baseline","spinn_link","uniform","DIJKSTRA",16,609,"smart",10000,643.6547,894.86774045889,0,974,39.399,49.5403890992996,0,65,222.0652,552.972409897637,0,445,223.1972,559.208147135751,0,422,218.9883,537.08984291178,0,456,0,0,0,0,118.1457,153.347294309355,0,387,25.6412,126.424322335538,0,109,2.52233853227938,2.07949505128492,0,14.7192644853567,0.814866886905701
"100","baseline","spinn_link","uniform","DIJKSTRA",16,609,"graph_search",10000,0,0,0,0,0,0,0,0,0,0,0,0,0,0,0,0,0,0,0,0,0,0,0,0,0,0,0,0,0,0,0,0,0,0,0,0,0
"101","baseline","spinn_link","uniform","DIJKSTRA",16,1218,"dor",10000,0,0,0,0,0,0,0,0,0,0,0,0,0,0,0,0,0,0,0,0,0,0,0,0,0,0,0,0,0,0,0,0,0,0,0,0,0
"102","baseline","spinn_link","uniform","DIJKSTRA",16,1218,"lf",10000,0,0,0,0,0,0,0,0,0,0,0,0,0,0,0,0,0,0,0,0,0,0,0,0,0,0,0,0,0,0,0,0,0,0,0,0,0
"103","baseline","spinn_link","uniform","DIJKSTRA",16,1218,"opt",10000,0,0,0,0,0,0,0,0,0,0,0,0,0,0,0,0,0,0,0,0,0,0,0,0,0,0,0,0,0,0,0,0,0,0,0,0,0
"104","baseline","spinn_link","uniform","DIJKSTRA",16,1218,"smart",10000,647.6394,886.071091998831,0,933,45.7789,69.3747358588125,0,75,225.482,556.11080455697,0,506,227.3234,553.961581534315,0,435,223.6473,538.583501823069,0,456,0,0,0,0,118.3952,147.997139783173,0,401,35.1138,108.173124461023,0,92,2.43433632150796,1.77928956108387,0,14.5745724941113,1.14111285896168
"105","baseline","spinn_link","uniform","DIJKSTRA",16,1218,"graph_search",10000,0,0,0,0,0,0,0,0,0,0,0,0,0,0,0,0,0,0,0,0,0,0,0,0,0,0,0,0,0,0,0,0,0,0,0,0,0
"106","baseline","spinn_link","uniform","DIJKSTRA",16,2457,"dor",10000,0,0,0,0,0,0,0,0,0,0,0,0,0,0,0,0,0,0,0,0,0,0,0,0,0,0,0,0,0,0,0,0,0,0,0,0,0
"107","baseline","spinn_link","uniform","DIJKSTRA",16,2457,"lf",10000,0,0,0,0,0,0,0,0,0,0,0,0,0,0,0,0,0,0,0,0,0,0,0,0,0,0,0,0,0,0,0,0,0,0,0,0,0
"108","baseline","spinn_link","uniform","DIJKSTRA",16,2457,"opt",10000,0,0,0,0,0,0,0,0,0,0,0,0,0,0,0,0,0,0,0,0,0,0,0,0,0,0,0,0,0,0,0,0,0,0,0,0,0
"109","baseline","spinn_link","uniform","DIJKSTRA",16,2457,"smart",10000,659.7949,921.109793293394,0,952,58.9057,103.756786310631,0,106,236.2014,561.983698424607,0,537,234.0198,560.614726530618,0,460,231.9172,557.385097684716,0,452,0,0,0,0,119.6078,148.074829208073,0,335,52.1306,160.134271581695,0,173,2.43561419883119,2.63397437410383,0,15.1509078431916,1.70664726283871
"110","baseline","spinn_link","uniform","DIJKSTRA",16,2457,"graph_search",10000,0,0,0,0,0,0,0,0,0,0,0,0,0,0,0,0,0,0,0,0,0,0,0,0,0,0,0,0,0,0,0,0,0,0,0,0,0
"111","baseline","spinn_link","uniform","DIJKSTRA",16,4915,"dor",10000,0,0,0,0,0,0,0,0,0,0,0,0,0,0,0,0,0,0,0,0,0,0,0,0,0,0,0,0,0,0,0,0,0,0,0,0,0
"112","baseline","spinn_link","uniform","DIJKSTRA",16,4915,"lf",10000,0,0,0,0,0,0,0,0,0,0,0,0,0,0,0,0,0,0,0,0,0,0,0,0,0,0,0,0,0,0,0,0,0,0,0,0,0
"113","baseline","spinn_link","uniform","DIJKSTRA",16,4915,"opt",10000,0,0,0,0,0,0,0,0,0,0,0,0,0,0,0,0,0,0,0,0,0,0,0,0,0,0,0,0,0,0,0,0,0,0,0,0,0
"114","baseline","spinn_link","uniform","DIJKSTRA",16,4915,"smart",10000,693.9373,979.769903472749,0,1031,86.1485,154.445438268665,0,156,257.8615,573.146343934078,0,473,254.8499,581.755624939716,0,482,250.9729,570.901996982845,0,502,0,0,0,0,122.1577,143.432805965023,0,265,99.6728,316.081073827586,0,299,2.35925971115395,5.19907100696021,0,16.1157807930504,2.54040139302323
"115","baseline","spinn_link","uniform","DIJKSTRA",16,4915,"graph_search",10000,0,0,0,0,0,0,0,0,0,0,0,0,0,0,0,0,0,0,0,0,0,0,0,0,0,0,0,0,0,0,0,0,0,0,0,0,0
"116","baseline","spinn_link","uniform","DIJKSTRA",16,9830,"dor",10000,0,0,0,0,0,0,0,0,0,0,0,0,0,0,0,0,0,0,0,0,0,0,0,0,0,0,0,0,0,0,0,0,0,0,0,0,0
"117","baseline","spinn_link","uniform","DIJKSTRA",16,9830,"lf",10000,0,0,0,0,0,0,0,0,0,0,0,0,0,0,0,0,0,0,0,0,0,0,0,0,0,0,0,0,0,0,0,0,0,0,0,0,0
"118","baseline","spinn_link","uniform","DIJKSTRA",16,9830,"opt",10000,0,0,0,0,0,0,0,0,0,0,0,0,0,0,0,0,0,0,0,0,0,0,0,0,0,0,0,0,0,0,0,0,0,0,0,0,0
"119","baseline","spinn_link","uniform","DIJKSTRA",16,9830,"smart",10000,818.1521,1212.73734795957,0,1320,147.0071,254.844507739523,0,244,326.7555,653.528457179946,0,580,309.69,656.829493667877,0,560,313.0958,645.025489394024,0,604,0,0,0,0,128.4958,149.28921683752,0,441,301.9609,928.236429075588,0,825,2.45558909779939,15.2681305703346,0,19.947754253308,4.19181912864017
"120","baseline","spinn_link","uniform","DIJKSTRA",16,9830,"graph_search",10000,0,0,0,0,0,0,0,0,0,0,0,0,0,0,0,0,0,0,0,0,0,0,0,0,0,0,0,0,0,0,0,0,0,0,0,0,0
"121","baseline","uniform","cent3","DIJKSTRA",16,-1966,"dor",10000,0,0,0,0,0,0,0,0,0,0,0,0,0,0,0,0,0,0,0,0,0,0,0,0,0,0,0,0,0,0,0,0,0,0,0,0,0
"122","baseline","uniform","cent3","DIJKSTRA",16,-1966,"lf",10000,0,0,0,0,0,0,0,0,0,0,0,0,0,0,0,0,0,0,0,0,0,0,0,0,0,0,0,0,0,0,0,0,0,0,0,0,0
"123","baseline","uniform","cent3","DIJKSTRA",16,-1966,"opt",10000,0,0,0,0,0,0,0,0,0,0,0,0,0,0,0,0,0,0,0,0,0,0,0,0,0,0,0,0,0,0,0,0,0,0,0,0,0
"124","baseline","uniform","cent3","DIJKSTRA",16,-1966,"smart",10000,142.9199,630.163453104827,0,337,21.0587,15.2331230806424,0,29,46.5554,381.946279453014,0,227,47.0754,377.694185887207,0,223,47.3685,379.880254886984,0,225,0,0,0,0,23.273,112.223530992346,0,252,0.0266,1.60618839253059,0,1,1.84591281982061,0.0264194480302129,0,10.3652664141174,0.250562577489928
"125","baseline","uniform","cent3","DIJKSTRA",16,-1966,"graph_search",10000,0,0,0,0,0,0,0,0,0,0,0,0,0,0,0,0,0,0,0,0,0,0,0,0,0,0,0,0,0,0,0,0,0,0,0,0,0
"126","baseline","uniform","cent3","DIJKSTRA",16,0,"dor",10000,0,0,0,0,0,0,0,0,0,0,0,0,0,0,0,0,0,0,0,0,0,0,0,0,0,0,0,0,0,0,0,0,0,0,0,0,0
"127","baseline","uniform","cent3","DIJKSTRA",16,0,"lf",10000,0,0,0,0,0,0,0,0,0,0,0,0,0,0,0,0,0,0,0,0,0,0,0,0,0,0,0,0,0,0,0,0,0,0,0,0,0
"128","baseline","uniform","cent3","DIJKSTRA",16,0,"opt",10000,0,0,0,0,0,0,0,0,0,0,0,0,0,0,0,0,0,0,0,0,0,0,0,0,0,0,0,0,0,0,0,0,0,0,0,0,0
"129","baseline","uniform","cent3","DIJKSTRA",16,0,"smart",10000,142.9199,630.163453104827,0,337,21.0587,15.2331230806424,0,29,46.5554,381.946279453014,0,227,47.0754,377.694185887207,0,223,47.3685,379.880254886984,0,225,0,0,0,0,20.5082,87.4705640573445,0,75,0.0275,1.63625739194663,0,1,1.43876274541214,0.0269140390576958,0,10.3652664141174,0.250562577489928
"130","baseline","uniform","cent3","DIJKSTRA",16,0,"graph_search",10000,0,0,0,0,0,0,0,0,0,0,0,0,0,0,0,0,0,0,0,0,0,0,0,0,0,0,0,0,0,0,0,0,0,0,0,0,0
"131","baseline","uniform","cent3","DIJKSTRA",16,19,"dor",10000,0,0,0,0,0,0,0,0,0,0,0,0,0,0,0,0,0,0,0,0,0,0,0,0,0,0,0,0,0,0,0,0,0,0,0,0,0
"132","baseline","uniform","cent3","DIJKSTRA",16,19,"lf",10000,0,0,0,0,0,0,0,0,0,0,0,0,0,0,0,0,0,0,0,0,0,0,0,0,0,0,0,0,0,0,0,0,0,0,0,0,0
"133","baseline","uniform","cent3","DIJKSTRA",16,19,"opt",10000,0,0,0,0,0,0,0,0,0,0,0,0,0,0,0,0,0,0,0,0,0,0,0,0,0,0,0,0,0,0,0,0,0,0,0,0,0
"134","baseline","uniform","cent3","DIJKSTRA",16,19,"smart",10000,141.9278,631.473918166063,0,340,21.0726,15.4303076320597,0,29,46.5378,376.053270284942,0,229,47.6297,381.251461850312,0,223,45.9725,369.130174633557,0,231,0,0,0,0,20.564,88.7141418289102,0,84,0.5309,52.992068393988,0,74,1.4592177794917,0.871641958975116,0,10.3868216462071,0.253805974735704
"135","baseline","uniform","cent3","DIJKSTRA",16,19,"graph_search",10000,0,0,0,0,0,0,0,0,0,0,0,0,0,0,0,0,0,0,0,0,0,0,0,0,0,0,0,0,0,0,0,0,0,0,0,0,0
"136","baseline","uniform","cent3","DIJKSTRA",16,39,"dor",10000,0,0,0,0,0,0,0,0,0,0,0,0,0,0,0,0,0,0,0,0,0,0,0,0,0,0,0,0,0,0,0,0,0,0,0,0,0
"137","baseline","uniform","cent3","DIJKSTRA",16,39,"lf",10000,0,0,0,0,0,0,0,0,0,0,0,0,0,0,0,0,0,0,0,0,0,0,0,0,0,0,0,0,0,0,0,0,0,0,0,0,0
"138","baseline","uniform","cent3","DIJKSTRA",16,39,"opt",10000,0,0,0,0,0,0,0,0,0,0,0,0,0,0,0,0,0,0,0,0,0,0,0,0,0,0,0,0,0,0,0,0,0,0,0,0,0
"139","baseline","uniform","cent3","DIJKSTRA",16,39,"smart",10000,143.8535,626.14052713668,0,332,21.1381,15.9661216511713,0,29,47.5116,381.675878062788,0,215,47.8874,379.232018385843,0,233,46.8791,380.519335871385,0,215,0,0,0,0,20.7746,89.9222094196979,0,156,0.4194,33.4013251824639,0,69,1.4790887230748,0.549402908713614,0,10.2990951704207,0.262619331062775
"140","baseline","uniform","cent3","DIJKSTRA",16,39,"graph_search",10000,0,0,0,0,0,0,0,0,0,0,0,0,0,0,0,0,0,0,0,0,0,0,0,0,0,0,0,0,0,0,0,0,0,0,0,0,0
"141","baseline","uniform","cent3","DIJKSTRA",16,78,"dor",10000,0,0,0,0,0,0,0,0,0,0,0,0,0,0,0,0,0,0,0,0,0,0,0,0,0,0,0,0,0,0,0,0,0,0,0,0,0
"142","baseline","uniform","cent3","DIJKSTRA",16,78,"lf",10000,0,0,0,0,0,0,0,0,0,0,0,0,0,0,0,0,0,0,0,0,0,0,0,0,0,0,0,0,0,0,0,0,0,0,0,0,0
"143","baseline","uniform","cent3","DIJKSTRA",16,78,"opt",10000,0,0,0,0,0,0,0,0,0,0,0,0,0,0,0,0,0,0,0,0,0,0,0,0,0,0,0,0,0,0,0,0,0,0,0,0,0
"144","baseline","uniform","cent3","DIJKSTRA",16,78,"smart",10000,143.1141,631.167458188395,0,331,21.1706,16.3991711336275,0,29,47.8005,378.802143672657,0,226,47.0471,375.120511388007,0,223,46.937,380.286094159384,0,216,0,0,0,0,20.7095,89.1872808874113,0,91,0.5623,27.3839152985836,0,64,1.46700022445598,0.450425323990071,0,10.3817808281492,0.26974236118145
"145","baseline","uniform","cent3","DIJKSTRA",16,78,"graph_search",10000,0,0,0,0,0,0,0,0,0,0,0,0,0,0,0,0,0,0,0,0,0,0,0,0,0,0,0,0,0,0,0,0,0,0,0,0,0
"146","baseline","uniform","cent3","DIJKSTRA",16,157,"dor",10000,0,0,0,0,0,0,0,0,0,0,0,0,0,0,0,0,0,0,0,0,0,0,0,0,0,0,0,0,0,0,0,0,0,0,0,0,0
"147","baseline","uniform","cent3","DIJKSTRA",16,157,"lf",10000,0,0,0,0,0,0,0,0,0,0,0,0,0,0,0,0,0,0,0,0,0,0,0,0,0,0,0,0,0,0,0,0,0,0,0,0,0
"148","baseline","uniform","cent3","DIJKSTRA",16,157,"opt",10000,0,0,0,0,0,0,0,0,0,0,0,0,0,0,0,0,0,0,0,0,0,0,0,0,0,0,0,0,0,0,0,0,0,0,0,0,0
"149","baseline","uniform","cent3","DIJKSTRA",16,157,"smart",10000,143.9372,630.18937754218,0,337,21.3359,18.3424123536137,0,33,47.9761,381.68266644295,0,215,48.0594,383.182617446303,0,251,47.2827,377.42324288655,0,207,0,0,0,0,20.7677,87.9002277561896,0,83,1.1275,40.4669123467556,0,217,1.44583008434629,0.665621475450882,0,10.3656928331654,0.30170583486881
"150","baseline","uniform","cent3","DIJKSTRA",16,157,"graph_search",10000,0,0,0,0,0,0,0,0,0,0,0,0,0,0,0,0,0,0,0,0,0,0,0,0,0,0,0,0,0,0,0,0,0,0,0,0,0
"151","baseline","uniform","cent3","DIJKSTRA",16,314,"dor",10000,0,0,0,0,0,0,0,0,0,0,0,0,0,0,0,0,0,0,0,0,0,0,0,0,0,0,0,0,0,0,0,0,0,0,0,0,0
"152","baseline","uniform","cent3","DIJKSTRA",16,314,"lf",10000,0,0,0,0,0,0,0,0,0,0,0,0,0,0,0,0,0,0,0,0,0,0,0,0,0,0,0,0,0,0,0,0,0,0,0,0,0
"153","baseline","uniform","cent3","DIJKSTRA",16,314,"opt",10000,0,0,0,0,0,0,0,0,0,0,0,0,0,0,0,0,0,0,0,0,0,0,0,0,0,0,0,0,0,0,0,0,0,0,0,0,0
"154","baseline","uniform","cent3","DIJKSTRA",16,314,"smart",10000,145.5614,627.420820535946,0,345,21.6464,20.8723222914941,0,32,48.6091,380.065177811649,0,229,49.4446,381.541785045885,0,212,48.0837,381.39671249763,0,218,0,0,0,0,21.0043,89.558572528318,0,158,2.0625,44.7883501800412,0,34,1.473107428478,0.736702802388134,0,10.3201541228342,0.343319150240641
"155","baseline","uniform","cent3","DIJKSTRA",16,314,"graph_search",10000,0,0,0,0,0,0,0,0,0,0,0,0,0,0,0,0,0,0,0,0,0,0,0,0,0,0,0,0,0,0,0,0,0,0,0,0,0
"156","baseline","uniform","cent3","DIJKSTRA",16,609,"dor",10000,0,0,0,0,0,0,0,0,0,0,0,0,0,0,0,0,0,0,0,0,0,0,0,0,0,0,0,0,0,0,0,0,0,0,0,0,0
"157","baseline","uniform","cent3","DIJKSTRA",16,609,"lf",10000,0,0,0,0,0,0,0,0,0,0,0,0,0,0,0,0,0,0,0,0,0,0,0,0,0,0,0,0,0,0,0,0,0,0,0,0,0
"158","baseline","uniform","cent3","DIJKSTRA",16,609,"opt",10000,0,0,0,0,0,0,0,0,0,0,0,0,0,0,0,0,0,0,0,0,0,0,0,0,0,0,0,0,0,0,0,0,0,0,0,0,0
"159","baseline","uniform","cent3","DIJKSTRA",16,609,"smart",10000,143.8881,638.37519182061,0,341,22.1368,25.7292829441475,0,38,49.266,381.062330237456,0,214,49.2304,383.129760168797,0,213,47.8449,378.95536585065,0,223,0,0,0,0,20.7218,88.5062743988809,0,110,3.5406,54.8154158488285,0,32,1.45579866452961,0.901633355717988,0,10.5003374962197,0.423209043695417
"160","baseline","uniform","cent3","DIJKSTRA",16,609,"graph_search",10000,0,0,0,0,0,0,0,0,0,0,0,0,0,0,0,0,0,0,0,0,0,0,0,0,0,0,0,0,0,0,0,0,0,0,0,0,0
"161","baseline","uniform","cent3","DIJKSTRA",16,1218,"dor",10000,0,0,0,0,0,0,0,0,0,0,0,0,0,0,0,0,0,0,0,0,0,0,0,0,0,0,0,0,0,0,0,0,0,0,0,0,0
"162","baseline","uniform","cent3","DIJKSTRA",16,1218,"lf",10000,0,0,0,0,0,0,0,0,0,0,0,0,0,0,0,0,0,0,0,0,0,0,0,0,0,0,0,0,0,0,0,0,0,0,0,0,0
"163","baseline","uniform","cent3","DIJKSTRA",16,1218,"opt",10000,0,0,0,0,0,0,0,0,0,0,0,0,0,0,0,0,0,0,0,0,0,0,0,0,0,0,0,0,0,0,0,0,0,0,0,0,0
"164","baseline","uniform","cent3","DIJKSTRA",16,1218,"smart",10000,144.6627,632.607015887431,0,344,23.2728,34.3266312381509,0,43,50.1137,380.181359967845,0,206,50.5806,380.18647871275,0,216,49.6817,385.002672023195,0,230,0,0,0,0,20.9155,91.6378012510121,0,251,5.9493,62.8421679178877,0,45,1.50730769753585,1.03366167825231,0,10.4054594451739,0.564622838930983
"165","baseline","uniform","cent3","DIJKSTRA",16,1218,"graph_search",10000,0,0,0,0,0,0,0,0,0,0,0,0,0,0,0,0,0,0,0,0,0,0,0,0,0,0,0,0,0,0,0,0,0,0,0,0,0
"166","baseline","uniform","cent3","DIJKSTRA",16,2457,"dor",10000,0,0,0,0,0,0,0,0,0,0,0,0,0,0,0,0,0,0,0,0,0,0,0,0,0,0,0,0,0,0,0,0,0,0,0,0,0
"167","baseline","uniform","cent3","DIJKSTRA",16,2457,"lf",10000,0,0,0,0,0,0,0,0,0,0,0,0,0,0,0,0,0,0,0,0,0,0,0,0,0,0,0,0,0,0,0,0,0,0,0,0,0
"168","baseline","uniform","cent3","DIJKSTRA",16,2457,"opt",10000,0,0,0,0,0,0,0,0,0,0,0,0,0,0,0,0,0,0,0,0,0,0,0,0,0,0,0,0,0,0,0,0,0,0,0,0,0
"169","baseline","uniform","cent3","DIJKSTRA",16,2457,"smart",10000,145.8939,635.645319435296,0,361,25.546,49.2267772355656,0,53,52.3953,382.919772799734,0,242,53.1774,383.804945908726,0,226,50.6061,382.629743896106,0,221,0,0,0,0,21.0786,90.5770904129736,0,180,9.1507,66.1436745887315,0,60,1.48986055684491,1.08796663047173,0,10.4554350912787,0.809708430790522
"170","baseline","uniform","cent3","DIJKSTRA",16,2457,"graph_search",10000,0,0,0,0,0,0,0,0,0,0,0,0,0,0,0,0,0,0,0,0,0,0,0,0,0,0,0,0,0,0,0,0,0,0,0,0,0
"171","baseline","uniform","cent3","DIJKSTRA",16,4915,"dor",10000,0,0,0,0,0,0,0,0,0,0,0,0,0,0,0,0,0,0,0,0,0,0,0,0,0,0,0,0,0,0,0,0,0,0,0,0,0
"172","baseline","uniform","cent3","DIJKSTRA",16,4915,"lf",10000,0,0,0,0,0,0,0,0,0,0,0,0,0,0,0,0,0,0,0,0,0,0,0,0,0,0,0,0,0,0,0,0,0,0,0,0,0
"173","baseline","uniform","cent3","DIJKSTRA",16,4915,"opt",10000,0,0,0,0,0,0,0,0,0,0,0,0,0,0,0,0,0,0,0,0,0,0,0,0,0,0,0,0,0,0,0,0,0,0,0,0,0
"174","baseline","uniform","cent3","DIJKSTRA",16,4915,"smart",10000,145.731,643.931304902161,0,354,29.95,75.2156706426925,0,74,54.0825,378.202161655641,0,219,54.6287,378.614058315325,0,228,53.3043,381.901521242061,0,225,0,0,0,0,21.2174,90.0178096480913,0,69,12.9718,75.0943939777797,0,173,1.4806612068989,1.23519286298074,0,10.5917274237591,1.2371876866022
"175","baseline","uniform","cent3","DIJKSTRA",16,4915,"graph_search",10000,0,0,0,0,0,0,0,0,0,0,0,0,0,0,0,0,0,0,0,0,0,0,0,0,0,0,0,0,0,0,0,0,0,0,0,0,0
"176","baseline","uniform","cent3","DIJKSTRA",16,9830,"dor",10000,0,0,0,0,0,0,0,0,0,0,0,0,0,0,0,0,0,0,0,0,0,0,0,0,0,0,0,0,0,0,0,0,0,0,0,0,0
"177","baseline","uniform","cent3","DIJKSTRA",16,9830,"lf",10000,0,0,0,0,0,0,0,0,0,0,0,0,0,0,0,0,0,0,0,0,0,0,0,0,0,0,0,0,0,0,0,0,0,0,0,0,0
"178","baseline","uniform","cent3","DIJKSTRA",16,9830,"opt",10000,0,0,0,0,0,0,0,0,0,0,0,0,0,0,0,0,0,0,0,0,0,0,0,0,0,0,0,0,0,0,0,0,0,0,0,0,0
"179","baseline","uniform","cent3","DIJKSTRA",16,9830,"smart",10000,150.5434,660.914316849771,0,463,39.1862,121.565287360332,0,87,59.4334,380.807340053996,0,210,59.321,383.469839771005,0,252,58.0594,385.267643253362,0,233,0,0,0,0,22.0131,92.7770912496722,0,122,19.1869,97.5060320078712,0,72,1.52604735040031,1.60383150397793,0,10.871073111745,1.99957103826039
"180","baseline","uniform","cent3","DIJKSTRA",16,9830,"graph_search",10000,0,0,0,0,0,0,0,0,0,0,0,0,0,0,0,0,0,0,0,0,0,0,0,0,0,0,0,0,0,0,0,0,0,0,0,0,0
"181","baseline","uniform","uniform","DIJKSTRA",16,-1966,"dor",10000,0,0,0,0,0,0,0,0,0,0,0,0,0,0,0,0,0,0,0,0,0,0,0,0,0,0,0,0,0,0,0,0,0,0,0,0,0
"182","baseline","uniform","uniform","DIJKSTRA",16,-1966,"lf",10000,0,0,0,0,0,0,0,0,0,0,0,0,0,0,0,0,0,0,0,0,0,0,0,0,0,0,0,0,0,0,0,0,0,0,0,0,0
"183","baseline","uniform","uniform","DIJKSTRA",16,-1966,"opt",10000,0,0,0,0,0,0,0,0,0,0,0,0,0,0,0,0,0,0,0,0,0,0,0,0,0,0,0,0,0,0,0,0,0,0,0,0,0
"184","baseline","uniform","uniform","DIJKSTRA",16,-1966,"smart",10000,639.8852,885.33893836598,0,959,33.0858,14.0987572016118,0,38,213.7238,539.98982968293,0,422,214.306,546.560461360864,0,444,214.1364,539.130095610512,0,466,0,0,0,0,125.2405,240.161240882037,0,308,0.0276,1.63769998027722,0,1,3.95030088117985,0.0269377675241734,0,14.5625296385265,0.231903919185793
"185","baseline","uniform","uniform","DIJKSTRA",16,-1966,"graph_search",10000,0,0,0,0,0,0,0,0,0,0,0,0,0,0,0,0,0,0,0,0,0,0,0,0,0,0,0,0,0,0,0,0,0,0,0,0,0
"186","baseline","uniform","uniform","DIJKSTRA",16,0,"dor",10000,0,0,0,0,0,0,0,0,0,0,0,0,0,0,0,0,0,0,0,0,0,0,0,0,0,0,0,0,0,0,0,0,0,0,0,0,0
"187","baseline","uniform","uniform","DIJKSTRA",16,0,"lf",10000,0,0,0,0,0,0,0,0,0,0,0,0,0,0,0,0,0,0,0,0,0,0,0,0,0,0,0,0,0,0,0,0,0,0,0,0,0
"188","baseline","uniform","uniform","DIJKSTRA",16,0,"opt",10000,0,0,0,0,0,0,0,0,0,0,0,0,0,0,0,0,0,0,0,0,0,0,0,0,0,0,0,0,0,0,0,0,0,0,0,0,0
"189","baseline","uniform","uniform","DIJKSTRA",16,0,"smart",10000,639.8852,885.33893836598,0,959,33.0858,14.0987572016118,0,38,213.7238,539.98982968293,0,422,214.306,546.560461360864,0,444,214.1364,539.130095610512,0,466,0,0,0,0,118.2829,154.157511980442,0,448,0.0264,1.60443532153839,0,1,2.53566542702844,0.0263906125784147,0,14.5625296385265,0.231903919185793
"190","baseline","uniform","uniform","DIJKSTRA",16,0,"graph_search",10000,0,0,0,0,0,0,0,0,0,0,0,0,0,0,0,0,0,0,0,0,0,0,0,0,0,0,0,0,0,0,0,0,0,0,0,0,0
"191","baseline","uniform","uniform","DIJKSTRA",16,19,"dor",10000,0,0,0,0,0,0,0,0,0,0,0,0,0,0,0,0,0,0,0,0,0,0,0,0,0,0,0,0,0,0,0,0,0,0,0,0,0
"192","baseline","uniform","uniform","DIJKSTRA",16,19,"lf",10000,0,0,0,0,0,0,0,0,0,0,0,0,0,0,0,0,0,0,0,0,0,0,0,0,0,0,0,0,0,0,0,0,0,0,0,0,0
"193","baseline","uniform","uniform","DIJKSTRA",16,19,"opt",10000,0,0,0,0,0,0,0,0,0,0,0,0,0,0,0,0,0,0,0,0,0,0,0,0,0,0,0,0,0,0,0,0,0,0,0,0,0
"194","baseline","uniform","uniform","DIJKSTRA",16,19,"smart",10000,638.9051,883.699405772687,0,922,33.2191,15.8374557612642,0,41,214.7975,537.457060238304,0,447,214.327,544.708182453688,0,420,213.0556,542.451253333422,0,422,0,0,0,0,118.0384,154.568573144737,0,359,2.1338,97.5225518478675,0,101,2.54242678149835,1.60410323116528,0,14.5355617272006,0.260502965505989
"195","baseline","uniform","uniform","DIJKSTRA",16,19,"graph_search",10000,0,0,0,0,0,0,0,0,0,0,0,0,0,0,0,0,0,0,0,0,0,0,0,0,0,0,0,0,0,0,0,0,0,0,0,0,0
"196","baseline","uniform","uniform","DIJKSTRA",16,39,"dor",10000,0,0,0,0,0,0,0,0,0,0,0,0,0,0,0,0,0,0,0,0,0,0,0,0,0,0,0,0,0,0,0,0,0,0,0,0,0
"197","baseline","uniform","uniform","DIJKSTRA",16,39,"lf",10000,0,0,0,0,0,0,0,0,0,0,0,0,0,0,0,0,0,0,0,0,0,0,0,0,0,0,0,0,0,0,0,0,0,0,0,0,0
"198","baseline","uniform","uniform","DIJKSTRA",16,39,"opt",10000,0,0,0,0,0,0,0,0,0,0,0,0,0,0,0,0,0,0,0,0,0,0,0,0,0,0,0,0,0,0,0,0,0,0,0,0,0
"199","baseline","uniform","uniform","DIJKSTRA",16,39,"smart",10000,640.5115,892.999980594065,0,959,33.4289,17.1076595637744,0,45,215.0071,545.715791659908,0,419,215.5494,545.647382686841,0,454,214.1813,538.486805884787,0,442,0,0,0,0,118.656,196.878200961915,0,1300,2.9902,84.6333669424182,0,57,3.23835822919886,1.39209500576351,0,14.6885425694774,0.281395958821253
"200","baseline","uniform","uniform","DIJKSTRA",16,39,"graph_search",10000,0,0,0,0,0,0,0,0,0,0,0,0,0,0,0,0,0,0,0,0,0,0,0,0,0,0,0,0,0,0,0,0,0,0,0,0,0
"201","baseline","uniform","uniform","DIJKSTRA",16,78,"dor",10000,0,0,0,0,0,0,0,0,0,0,0,0,0,0,0,0,0,0,0,0,0,0,0,0,0,0,0,0,0,0,0,0,0,0,0,0,0
"202","baseline","uniform","uniform","DIJKSTRA",16,78,"lf",10000,0,0,0,0,0,0,0,0,0,0,0,0,0,0,0,0,0,0,0,0,0,0,0,0,0,0,0,0,0,0,0,0,0,0,0,0,0
"203","baseline","uniform","uniform","DIJKSTRA",16,78,"opt",10000,0,0,0,0,0,0,0,0,0,0,0,0,0,0,0,0,0,0,0,0,0,0,0,0,0,0,0,0,0,0,0,0,0,0,0,0,0
"204","baseline","uniform","uniform","DIJKSTRA",16,78,"smart",10000,639.5758,881.029669695635,0,974,33.7564,19.7840084217026,0,46,215.6104,545.46507677669,0,453,216.5873,547.440778783422,0,442,213.231,531.769418361004,0,447,0,0,0,0,118.351,160.015581244453,0,491,5.4731,109.630062214978,0,157,2.63202209178686,1.80325405457222,0,14.4916484765072,0.32541798008076
"205","baseline","uniform","uniform","DIJKSTRA",16,78,"graph_search",10000,0,0,0,0,0,0,0,0,0,0,0,0,0,0,0,0,0,0,0,0,0,0,0,0,0,0,0,0,0,0,0,0,0,0,0,0,0
"206","baseline","uniform","uniform","DIJKSTRA",16,157,"dor",10000,0,0,0,0,0,0,0,0,0,0,0,0,0,0,0,0,0,0,0,0,0,0,0,0,0,0,0,0,0,0,0,0,0,0,0,0,0
"207","baseline","uniform","uniform","DIJKSTRA",16,157,"lf",10000,0,0,0,0,0,0,0,0,0,0,0,0,0,0,0,0,0,0,0,0,0,0,0,0,0,0,0,0,0,0,0,0,0,0,0,0,0
"208","baseline","uniform","uniform","DIJKSTRA",16,157,"opt",10000,0,0,0,0,0,0,0,0,0,0,0,0,0,0,0,0,0,0,0,0,0,0,0,0,0,0,0,0,0,0,0,0,0,0,0,0,0
"209","baseline","uniform","uniform","DIJKSTRA",16,157,"smart",10000,639.8898,873.380293872606,0,949,34.444,24.6129669924209,0,48,215.7481,550.113494705411,0,486,218.0038,541.493597667599,0,428,215.2524,533.162429600961,0,426,0,0,0,0,117.9543,149.06598191405,0,310,10.2117,131.328075239074,0,73,2.45191721006408,2.16015460877547,0,14.365827440843,0.404847280275203
"210","baseline","uniform","uniform","DIJKSTRA",16,157,"graph_search",10000,0,0,0,0,0,0,0,0,0,0,0,0,0,0,0,0,0,0,0,0,0,0,0,0,0,0,0,0,0,0,0,0,0,0,0,0,0
"211","baseline","uniform","uniform","DIJKSTRA",16,314,"dor",10000,0,0,0,0,0,0,0,0,0,0,0,0,0,0,0,0,0,0,0,0,0,0,0,0,0,0,0,0,0,0,0,0,0,0,0,0,0
"212","baseline","uniform","uniform","DIJKSTRA",16,314,"lf",10000,0,0,0,0,0,0,0,0,0,0,0,0,0,0,0,0,0,0,0,0,0,0,0,0,0,0,0,0,0,0,0,0,0,0,0,0,0
"213","baseline","uniform","uniform","DIJKSTRA",16,314,"opt",10000,0,0,0,0,0,0,0,0,0,0,0,0,0,0,0,0,0,0,0,0,0,0,0,0,0,0,0,0,0,0,0,0,0,0,0,0,0
"214","baseline","uniform","uniform","DIJKSTRA",16,314,"smart",10000,641.3909,888.082233093873,0,924,35.7888,32.1229041213586,0,51,218.6458,545.761260299776,0,458,218.8881,551.725941408413,0,435,217.4952,546.78824586763,0,461,0,0,0,0,118.3806,150.561306573103,0,274,16.5637,136.550748928741,0,62,2.47651311195321,2.24605994638379,0,14.6076528213562,0.528374753522311
"215","baseline","uniform","uniform","DIJKSTRA",16,314,"graph_search",10000,0,0,0,0,0,0,0,0,0,0,0,0,0,0,0,0,0,0,0,0,0,0,0,0,0,0,0,0,0,0,0,0,0,0,0,0,0
"216","baseline","uniform","uniform","DIJKSTRA",16,609,"dor",10000,0,0,0,0,0,0,0,0,0,0,0,0,0,0,0,0,0,0,0,0,0,0,0,0,0,0,0,0,0,0,0,0,0,0,0,0,0
"217","baseline","uniform","uniform","DIJKSTRA",16,609,"lf",10000,0,0,0,0,0,0,0,0,0,0,0,0,0,0,0,0,0,0,0,0,0,0,0,0,0,0,0,0,0,0,0,0,0,0,0,0,0
"218","baseline","uniform","uniform","DIJKSTRA",16,609,"opt",10000,0,0,0,0,0,0,0,0,0,0,0,0,0,0,0,0,0,0,0,0,0,0,0,0,0,0,0,0,0,0,0,0,0,0,0,0,0
"219","baseline","uniform","uniform","DIJKSTRA",16,609,"smart",10000,642.0601,886.450006887585,0,940,38.4359,43.3318627872147,0,58,220.7702,548.676913204848,0,448,220.8691,550.035849128036,0,439,219.8386,545.954313236007,0,455,0,0,0,0,118.3558,150.946744284201,0,297,23.5704,118.72088422746,0,305,2.48285299812385,1.95278477016424,0,14.580805089402,0.712745716681136
"220","baseline","uniform","uniform","DIJKSTRA",16,609,"graph_search",10000,0,0,0,0,0,0,0,0,0,0,0,0,0,0,0,0,0,0,0,0,0,0,0,0,0,0,0,0,0,0,0,0,0,0,0,0,0
"221","baseline","uniform","uniform","DIJKSTRA",16,1218,"dor",10000,0,0,0,0,0,0,0,0,0,0,0,0,0,0,0,0,0,0,0,0,0,0,0,0,0,0,0,0,0,0,0,0,0,0,0,0,0
"222","baseline","uniform","uniform","DIJKSTRA",16,1218,"lf",10000,0,0,0,0,0,0,0,0,0,0,0,0,0,0,0,0,0,0,0,0,0,0,0,0,0,0,0,0,0,0,0,0,0,0,0,0,0
"223","baseline","uniform","uniform","DIJKSTRA",16,1218,"opt",10000,0,0,0,0,0,0,0,0,0,0,0,0,0,0,0,0,0,0,0,0,0,0,0,0,0,0,0,0,0,0,0,0,0,0,0,0,0
"224","baseline","uniform","uniform","DIJKSTRA",16,1218,"smart",10000,644.4877,892.372249564048,0,947,43.8145,60.4101523094422,0,75,223.3853,543.788592327938,0,453,224.464,545.867003254456,0,438,223.3927,542.710303317525,0,468,0,0,0,0,118.6455,160.910437772072,0,435,30.3341,81.7430731213967,0,174,2.64674117183742,1.34455390301889,0,14.6782173128627,0.993658581308767
"225","baseline","uniform","uniform","DIJKSTRA",16,1218,"graph_search",10000,0,0,0,0,0,0,0,0,0,0,0,0,0,0,0,0,0,0,0,0,0,0,0,0,0,0,0,0,0,0,0,0,0,0,0,0,0
"226","baseline","uniform","uniform","DIJKSTRA",16,2457,"dor",10000,0,0,0,0,0,0,0,0,0,0,0,0,0,0,0,0,0,0,0,0,0,0,0,0,0,0,0,0,0,0,0,0,0,0,0,0,0
"227","baseline","uniform","uniform","DIJKSTRA",16,2457,"lf",10000,0,0,0,0,0,0,0,0,0,0,0,0,0,0,0,0,0,0,0,0,0,0,0,0,0,0,0,0,0,0,0,0,0,0,0,0,0
"228","baseline","uniform","uniform","DIJKSTRA",16,2457,"opt",10000,0,0,0,0,0,0,0,0,0,0,0,0,0,0,0,0,0,0,0,0,0,0,0,0,0,0,0,0,0,0,0,0,0,0,0,0,0
"229","baseline","uniform","uniform","DIJKSTRA",16,2457,"smart",10000,647.1917,903.880017668828,0,962,54.8019,87.8934141271119,0,92,228.3743,546.305249160211,0,445,229.3272,549.563394754418,0,436,227.6276,549.467186684519,0,455,0,0,0,0,119.1799,157.569105350637,0,368,38.0084,80.3018528194711,0,102,2.59178114431493,1.3208479386103,0,14.8675032539153,1.44571801012128
"230","baseline","uniform","uniform","DIJKSTRA",16,2457,"graph_search",10000,0,0,0,0,0,0,0,0,0,0,0,0,0,0,0,0,0,0,0,0,0,0,0,0,0,0,0,0,0,0,0,0,0,0,0,0,0
"231","baseline","uniform","uniform","DIJKSTRA",16,4915,"dor",10000,0,0,0,0,0,0,0,0,0,0,0,0,0,0,0,0,0,0,0,0,0,0,0,0,0,0,0,0,0,0,0,0,0,0,0,0,0
"232","baseline","uniform","uniform","DIJKSTRA",16,4915,"lf",10000,0,0,0,0,0,0,0,0,0,0,0,0,0,0,0,0,0,0,0,0,0,0,0,0,0,0,0,0,0,0,0,0,0,0,0,0,0
"233","baseline","uniform","uniform","DIJKSTRA",16,4915,"opt",10000,0,0,0,0,0,0,0,0,0,0,0,0,0,0,0,0,0,0,0,0,0,0,0,0,0,0,0,0,0,0,0,0,0,0,0,0,0
"234","baseline","uniform","uniform","DIJKSTRA",16,4915,"smart",10000,655.8893,918.213451300404,0,970,76.3631,132.332299692857,0,130,238.2323,549.963893839405,0,467,239.3843,559.102854370285,0,432,238.0004,553.14428122959,0,511,0,0,0,0,120.6482,156.046450001274,0,318,51.8795,111.167027332388,0,118,2.56673569257496,1.82853488105092,0,15.103267256871,2.17667263112624
"235","baseline","uniform","uniform","DIJKSTRA",16,4915,"graph_search",10000,0,0,0,0,0,0,0,0,0,0,0,0,0,0,0,0,0,0,0,0,0,0,0,0,0,0,0,0,0,0,0,0,0,0,0,0,0
"236","baseline","uniform","uniform","DIJKSTRA",16,9830,"dor",10000,0,0,0,0,0,0,0,0,0,0,0,0,0,0,0,0,0,0,0,0,0,0,0,0,0,0,0,0,0,0,0,0,0,0,0,0,0
"237","baseline","uniform","uniform","DIJKSTRA",16,9830,"lf",10000,0,0,0,0,0,0,0,0,0,0,0,0,0,0,0,0,0,0,0,0,0,0,0,0,0,0,0,0,0,0,0,0,0,0,0,0,0
"238","baseline","uniform","uniform","DIJKSTRA",16,9830,"opt",10000,0,0,0,0,0,0,0,0,0,0,0,0,0,0,0,0,0,0,0,0,0,0,0,0,0,0,0,0,0,0,0,0,0,0,0,0,0
"239","baseline","uniform","uniform","DIJKSTRA",16,9830,"smart",10000,674.1842,933.227348730737,0,989,119.5842,207.88074613345,0,196,259.5927,551.102598442432,0,477,259.3536,562.816851327321,0,511,258.167,562.925910774233,0,501,0,0,0,0,123.7854,153.474664352133,0,341,80.1913,166.264850440494,0,181,2.52443358304766,2.73481342281591,0,15.3502238933006,3.41933399250984
"240","baseline","uniform","uniform","DIJKSTRA",16,9830,"graph_search",10000,0,0,0,0,0,0,0,0,0,0,0,0,0,0,0,0,0,0,0,0,0,0,0,0,0,0,0,0,0,0,0,0,0,0,0,0,0
